agency_id,country,country_code,month,service_type,compute_hours,storage_gb,data_egress_gb,utilisation_pct,cost_usd,aws_region,migration_status,resource_count
1000,Trinidad & Tobago,TT,2025-01,IaaS,440.38,1509.74,176.23,45.63,103.43,us-east-1,Pre,160
1000,Trinidad & Tobago,TT,2025-01,PaaS,477.28,1245.21,161.08,26.5,133.66,us-east-1,Pre,103
1000,Trinidad & Tobago,TT,2025-01,SaaS,112.76,119.24,59.63,53.67,35.35,us-east-1,Pre,59
1000,Trinidad & Tobago,TT,2025-02,IaaS,791.2,5149.48,169.95,53.5,228.68,us-east-1,Pre,157
1000,Trinidad & Tobago,TT,2025-02,PaaS,128.72,462.81,190.43,66.19,51.36,us-east-1,Pre,110
1000,Trinidad & Tobago,TT,2025-02,SaaS,116.75,697.21,40.76,33.52,52.55,us-east-1,Pre,67
1000,Trinidad & Tobago,TT,2025-03,IaaS,1129.76,2854.81,122.45,39.44,212.25,us-east-1,Pre,147
1000,Trinidad & Tobago,TT,2025-03,PaaS,356.02,1318.43,71.2,48.54,106.7,us-east-1,Pre,42
1000,Trinidad & Tobago,TT,2025-03,SaaS,184.91,589.76,111.73,31.92,70.62,us-east-1,Pre,5
1000,Trinidad & Tobago,TT,2025-04,IaaS,281.81,823.9,113.32,46.84,62.97,us-east-1,Pre,161
1000,Trinidad & Tobago,TT,2025-04,PaaS,118.25,345.76,42.07,39.51,34.33,us-east-1,Pre,101
1000,Trinidad & Tobago,TT,2025-04,SaaS,94.5,489.24,87.46,48.44,43.55,us-east-1,Pre,58
1000,Trinidad & Tobago,TT,2025-05,IaaS,336.27,3374.14,111.5,40.81,127.99,us-east-1,Pre,147
1000,Trinidad & Tobago,TT,2025-05,PaaS,376.22,720.19,202.58,49.49,104.09,us-east-1,Pre,78
1000,Trinidad & Tobago,TT,2025-05,SaaS,67.46,747.18,92.29,36.37,44.82,us-east-1,Pre,55
1000,Trinidad & Tobago,TT,2025-06,IaaS,540.48,717.23,149.93,31.58,94.85,us-east-1,Pre,82
1000,Trinidad & Tobago,TT,2025-06,PaaS,192.71,358.52,220.52,48.25,62.37,us-east-1,Pre,113
1000,Trinidad & Tobago,TT,2025-06,SaaS,188.54,425.27,69.26,49.46,64.05,us-east-1,Pre,10
1000,Trinidad & Tobago,TT,2025-07,IaaS,1086.69,3923.86,253.94,29.14,243.51,us-east-1,Pre,141
1000,Trinidad & Tobago,TT,2025-07,PaaS,470.13,464.28,43.95,58.59,101.14,us-east-1,Pre,74
1000,Trinidad & Tobago,TT,2025-07,SaaS,203.47,174.46,45.36,59.37,58.82,us-east-1,Pre,25
1000,Trinidad & Tobago,TT,2025-08,IaaS,538.91,1271.08,109.86,41.77,103.79,us-east-1,Pre,116
1000,Trinidad & Tobago,TT,2025-08,PaaS,194.41,1177.32,211.08,46.42,84.85,us-east-1,Pre,100
1000,Trinidad & Tobago,TT,2025-08,SaaS,107.24,748.44,27.8,47.19,50.93,us-east-1,Pre,30
1000,Trinidad & Tobago,TT,2025-09,IaaS,714,2208.54,102.33,48.36,145.69,us-east-1,Pre,159
1000,Trinidad & Tobago,TT,2025-09,PaaS,307.02,1095.53,187.9,18.91,100.97,us-east-1,Pre,66
1000,Trinidad & Tobago,TT,2025-09,SaaS,189.11,515.09,82.91,53.66,67.7,us-east-1,Pre,37
1000,Trinidad & Tobago,TT,2025-10,IaaS,1003.9,4126.55,220.68,26.81,235.24,us-east-1,Pre,168
1000,Trinidad & Tobago,TT,2025-10,PaaS,367.32,623.6,177.75,51.16,97.8,us-east-1,Pre,69
1000,Trinidad & Tobago,TT,2025-10,SaaS,96.31,339.5,61.36,46.23,37.94,us-east-1,Pre,79
1001,Trinidad & Tobago,TT,2025-01,IaaS,993.04,4822.72,120.6,42.47,240.94,us-east-1,Pre,152
1001,Trinidad & Tobago,TT,2025-01,PaaS,367,585.77,150.69,56.9,94.52,us-east-1,Pre,84
1001,Trinidad & Tobago,TT,2025-01,SaaS,99.91,575.07,85.12,24.92,47.34,us-east-1,Pre,61
1001,Trinidad & Tobago,TT,2025-02,IaaS,481.45,4471.52,168.55,46.74,175.79,us-east-1,Pre,168
1001,Trinidad & Tobago,TT,2025-02,PaaS,407.55,776.18,72.14,35.9,100.86,us-east-1,Pre,92
1001,Trinidad & Tobago,TT,2025-02,SaaS,130.56,499,70.49,31,51.84,us-east-1,Pre,44
1001,Trinidad & Tobago,TT,2025-03,IaaS,220,3531.87,240.2,39.92,129.25,us-east-1,Pre,125
1001,Trinidad & Tobago,TT,2025-03,PaaS,446.96,1066.54,153.46,53.2,122.59,us-east-1,Pre,45
1001,Trinidad & Tobago,TT,2025-03,SaaS,129.17,354.53,29.84,47.42,44.72,us-east-1,Pre,9
1001,Trinidad & Tobago,TT,2025-04,IaaS,840.91,2982.73,313.85,40.03,197.76,us-east-1,Pre,157
1001,Trinidad & Tobago,TT,2025-04,PaaS,127.39,702.79,130.26,59.14,53.03,us-east-1,Pre,70
1001,Trinidad & Tobago,TT,2025-04,SaaS,181.89,276.92,75.84,42.31,58.33,us-east-1,Pre,31
1001,Trinidad & Tobago,TT,2025-05,IaaS,1043.91,3387.45,77.4,41.71,210.15,us-east-1,Pre,140
1001,Trinidad & Tobago,TT,2025-05,PaaS,240.91,657.28,170.43,42.9,75.4,us-east-1,Pre,61
1001,Trinidad & Tobago,TT,2025-05,SaaS,131.92,272.12,22.54,55.39,42.5,us-east-1,Pre,26
1001,Trinidad & Tobago,TT,2025-06,IaaS,758.05,3067.66,100.01,31.37,170.52,us-east-1,Pre,111
1001,Trinidad & Tobago,TT,2025-06,PaaS,231.15,502.38,111.51,60.92,64.59,us-east-1,Pre,79
1001,Trinidad & Tobago,TT,2025-06,SaaS,173.39,825.38,65.57,28.77,72.04,us-east-1,Pre,46
1001,Trinidad & Tobago,TT,2025-07,IaaS,439.4,2593.64,305.1,62.79,139.84,us-east-1,Post,128
1001,Trinidad & Tobago,TT,2025-07,PaaS,332.45,821.51,131.99,61.33,93.4,us-east-1,Post,101
1001,Trinidad & Tobago,TT,2025-07,SaaS,151.74,598.6,124.27,54.33,63.35,us-east-1,Post,37
1001,Trinidad & Tobago,TT,2025-08,IaaS,820.66,3146.56,251.33,65.97,193.47,us-east-1,Post,176
1001,Trinidad & Tobago,TT,2025-08,PaaS,258.52,331.76,151.52,64.21,67.94,us-east-1,Post,125
1001,Trinidad & Tobago,TT,2025-08,SaaS,92.19,153.7,113.03,71.6,34.44,us-east-1,Post,37
1001,Trinidad & Tobago,TT,2025-09,IaaS,488.58,2416.52,88.92,61.16,122.21,us-east-1,Post,195
1001,Trinidad & Tobago,TT,2025-09,PaaS,319.78,269.02,32.07,72.89,67.66,us-east-1,Post,68
1001,Trinidad & Tobago,TT,2025-09,SaaS,172.15,541.51,122.07,67.14,66.61,us-east-1,Post,54
1001,Trinidad & Tobago,TT,2025-10,IaaS,221.96,2886.37,73,63.43,99.59,us-east-1,Post,130
1001,Trinidad & Tobago,TT,2025-10,PaaS,267.1,548.09,181.84,48.36,77.97,us-east-1,Post,54
1001,Trinidad & Tobago,TT,2025-10,SaaS,119.9,337.54,18.06,61.5,41.18,us-east-1,Post,16
1002,Trinidad & Tobago,TT,2025-01,IaaS,227.58,2774.58,147.94,62.38,104.44,us-east-1,Pre,153
1002,Trinidad & Tobago,TT,2025-01,PaaS,423.48,1251.17,104.33,50.63,119.61,us-east-1,Pre,49
1002,Trinidad & Tobago,TT,2025-01,SaaS,146.54,783.58,36.77,43.72,62.35,us-east-1,Pre,29
1002,Trinidad & Tobago,TT,2025-02,IaaS,1050.38,2710.31,134.44,67.36,200.48,us-east-1,Pre,136
1002,Trinidad & Tobago,TT,2025-02,PaaS,270.6,677.04,32.47,46.25,70.26,us-east-1,Pre,84
1002,Trinidad & Tobago,TT,2025-02,SaaS,131.74,785.99,115.13,54.07,63.42,us-east-1,Pre,40
1002,Trinidad & Tobago,TT,2025-03,IaaS,1145.74,5033.64,93.67,35.72,261.69,us-east-1,Pre,161
1002,Trinidad & Tobago,TT,2025-03,PaaS,94.22,1136.79,143.2,51.53,60.25,us-east-1,Pre,42
1002,Trinidad & Tobago,TT,2025-03,SaaS,97.51,784.05,90.59,39.44,53.34,us-east-1,Pre,49
1002,Trinidad & Tobago,TT,2025-04,IaaS,948.38,732.59,341.11,56.04,161.36,us-east-1,Pre,184
1002,Trinidad & Tobago,TT,2025-04,PaaS,410.27,401.29,53.62,57.99,89.38,us-east-1,Pre,82
1002,Trinidad & Tobago,TT,2025-04,SaaS,173.43,620.55,130.11,41.56,69.78,us-east-1,Pre,70
1002,Trinidad & Tobago,TT,2025-05,IaaS,854.63,4123.66,183.63,61.27,213.93,us-east-1,Pre,100
1002,Trinidad & Tobago,TT,2025-05,PaaS,501.76,204.29,77.64,39.26,102.25,us-east-1,Pre,70
1002,Trinidad & Tobago,TT,2025-05,SaaS,76.05,369.04,79.77,47.58,34.87,us-east-1,Pre,49
1002,Trinidad & Tobago,TT,2025-06,IaaS,743.47,1657.04,273.97,40.29,151.99,us-east-1,Pre,171
1002,Trinidad & Tobago,TT,2025-06,PaaS,465.88,1312.16,142.6,29.66,132.01,us-east-1,Pre,97
1002,Trinidad & Tobago,TT,2025-06,SaaS,128.18,553.81,26.36,42.78,50.24,us-east-1,Pre,15
1002,Trinidad & Tobago,TT,2025-07,IaaS,678.37,2527.68,161.74,50.06,154.1,us-east-1,Pre,110
1002,Trinidad & Tobago,TT,2025-07,PaaS,267.62,396.14,183.28,53.74,73.93,us-east-1,Pre,95
1002,Trinidad & Tobago,TT,2025-07,SaaS,108.58,731.84,46.97,32.23,51.92,us-east-1,Pre,9
1002,Trinidad & Tobago,TT,2025-08,IaaS,994.14,3566.91,168.4,43,216.49,us-east-1,Pre,133
1002,Trinidad & Tobago,TT,2025-08,PaaS,388.54,1098.62,131.68,37.33,111.23,us-east-1,Pre,64
1002,Trinidad & Tobago,TT,2025-08,SaaS,72.35,845.27,64.4,28.63,47.31,us-east-1,Pre,64
1002,Trinidad & Tobago,TT,2025-09,IaaS,605,2834.98,75.17,32.63,144.57,us-east-1,Pre,162
1002,Trinidad & Tobago,TT,2025-09,PaaS,363.47,935.98,183.26,46.48,106.29,us-east-1,Pre,46
1002,Trinidad & Tobago,TT,2025-09,SaaS,181.2,258.78,50.38,43.97,56.09,us-east-1,Pre,39
1002,Trinidad & Tobago,TT,2025-10,IaaS,988.85,4697.18,297.77,35.1,253.5,us-east-1,Pre,141
1002,Trinidad & Tobago,TT,2025-10,PaaS,391,312.01,205.11,52.9,95.53,us-east-1,Pre,72
1002,Trinidad & Tobago,TT,2025-10,SaaS,132.09,521.95,72.68,45.42,53.04,us-east-1,Pre,35
1003,Jamaica,JM,2025-01,IaaS,685.65,4570.48,86.81,43.5,195.21,us-east-1,Pre,117
1003,Jamaica,JM,2025-01,PaaS,289.65,1078.36,153.34,44.03,94.6,us-east-1,Pre,51
1003,Jamaica,JM,2025-01,SaaS,175.17,182.57,134.14,45.91,57.32,us-east-1,Pre,66
1003,Jamaica,JM,2025-02,IaaS,346.33,1437.01,75.67,34.98,81.42,us-east-1,Pre,151
1003,Jamaica,JM,2025-02,PaaS,446.82,608.04,142.43,55.7,108.85,us-east-1,Pre,61
1003,Jamaica,JM,2025-02,SaaS,106.92,763.45,36.98,34.37,51.85,us-east-1,Pre,25
1003,Jamaica,JM,2025-03,IaaS,804.93,1962.95,181.85,48.9,158.11,us-east-1,Pre,174
1003,Jamaica,JM,2025-03,PaaS,368.16,569.35,113.4,39.79,91.28,us-east-1,Pre,84
1003,Jamaica,JM,2025-03,SaaS,108.78,416.88,70.48,53.68,43.93,us-east-1,Pre,5
1003,Jamaica,JM,2025-04,IaaS,1045.39,2291.62,140.38,35.87,190.79,us-east-1,Pre,144
1003,Jamaica,JM,2025-04,PaaS,191.21,469.01,133.96,42.09,58.27,us-east-1,Pre,71
1003,Jamaica,JM,2025-04,SaaS,173.83,732.27,82.25,25.06,70.36,us-east-1,Pre,64
1003,Jamaica,JM,2025-05,IaaS,903.68,3988.45,300.48,40.66,227.22,us-east-1,Pre,139
1003,Jamaica,JM,2025-05,PaaS,269.67,354.68,88.33,50.1,65.54,us-east-1,Pre,99
1003,Jamaica,JM,2025-05,SaaS,162.73,803.03,100.68,28.44,70.81,us-east-1,Pre,65
1003,Jamaica,JM,2025-06,IaaS,427.54,3529.75,101,37.3,141.58,us-east-1,Pre,138
1003,Jamaica,JM,2025-06,PaaS,194.04,895.37,156.93,32.27,72.55,us-east-1,Pre,106
1003,Jamaica,JM,2025-06,SaaS,93.12,702.79,37.4,29.67,46.61,us-east-1,Pre,60
1003,Jamaica,JM,2025-07,IaaS,272.65,1886.55,126.32,41.1,87.48,us-east-1,Pre,161
1003,Jamaica,JM,2025-07,PaaS,244.27,334.25,192.22,48.25,68.7,us-east-1,Pre,76
1003,Jamaica,JM,2025-07,SaaS,106.66,456.66,130.44,38.96,48.19,us-east-1,Pre,38
1003,Jamaica,JM,2025-08,IaaS,984.52,2955.71,342.33,38.89,216.93,us-east-1,Pre,173
1003,Jamaica,JM,2025-08,PaaS,294.52,1149.07,228.98,42.89,103.51,us-east-1,Pre,77
1003,Jamaica,JM,2025-08,SaaS,118.15,788.87,36.26,36.71,55.38,us-east-1,Pre,44
1003,Jamaica,JM,2025-09,IaaS,366.89,3815.41,288.06,41.5,157.71,us-east-1,Pre,160
1003,Jamaica,JM,2025-09,PaaS,414.07,245.83,90.15,39.6,88.63,us-east-1,Pre,86
1003,Jamaica,JM,2025-09,SaaS,109,643.2,33.34,46.63,48.55,us-east-1,Pre,22
1003,Jamaica,JM,2025-10,IaaS,775.47,4857.69,273.35,52.59,229.39,us-east-1,Pre,161
1003,Jamaica,JM,2025-10,PaaS,307.83,1084.74,149.03,51.34,97.7,us-east-1,Pre,89
1003,Jamaica,JM,2025-10,SaaS,163.31,581.32,26.62,41.06,59.86,us-east-1,Pre,31
1004,Jamaica,JM,2025-01,IaaS,737.86,1664.69,205.05,35.08,145.29,us-east-1,Pre,157
1004,Jamaica,JM,2025-01,PaaS,450.15,325.56,88.68,51.18,97.24,us-east-1,Pre,93
1004,Jamaica,JM,2025-01,SaaS,71.6,679.16,43.35,48.56,40.88,us-east-1,Pre,40
1004,Jamaica,JM,2025-02,IaaS,855.27,4388.41,115.89,17.86,214,us-east-1,Pre,134
1004,Jamaica,JM,2025-02,PaaS,416.65,208.39,47.8,44.46,84.65,us-east-1,Pre,96
1004,Jamaica,JM,2025-02,SaaS,83.06,386.45,50.03,46.74,35.36,us-east-1,Pre,36
1004,Jamaica,JM,2025-03,IaaS,577.33,955.48,196.12,56.6,108.91,us-east-1,Pre,142
1004,Jamaica,JM,2025-03,PaaS,163.79,570.03,232.2,36.77,64.02,us-east-1,Pre,76
1004,Jamaica,JM,2025-03,SaaS,123.92,512.9,72.83,49.04,50.74,us-east-1,Pre,22
1004,Jamaica,JM,2025-04,IaaS,666.08,4452.31,331.69,53.42,212.19,us-east-1,Pre,142
1004,Jamaica,JM,2025-04,PaaS,145.8,458.45,160.34,36.12,51.91,us-east-1,Pre,82
1004,Jamaica,JM,2025-04,SaaS,112.49,413.85,32.13,57.71,42.47,us-east-1,Pre,25
1004,Jamaica,JM,2025-05,IaaS,403.61,2405.29,205.22,45.27,122.22,us-east-1,Pre,124
1004,Jamaica,JM,2025-05,PaaS,395.82,1278.74,155.27,44.91,119.47,us-east-1,Pre,86
1004,Jamaica,JM,2025-05,SaaS,143.58,166.66,48.16,47.93,43.78,us-east-1,Pre,38
1004,Jamaica,JM,2025-06,IaaS,286.69,4407.48,126.72,28.76,147.18,us-east-1,Pre,153
1004,Jamaica,JM,2025-06,PaaS,418.81,893.41,144.88,40.23,111.99,us-east-1,Pre,93
1004,Jamaica,JM,2025-06,SaaS,148,765.39,61.01,41.64,63.62,us-east-1,Pre,48
1004,Jamaica,JM,2025-07,IaaS,483.81,1403.9,254.32,52.51,113.24,us-east-1,Post,121
1004,Jamaica,JM,2025-07,PaaS,398.36,586.15,52.28,71.75,92.3,us-east-1,Post,89
1004,Jamaica,JM,2025-07,SaaS,132.9,158.6,23.27,51.4,39.38,us-east-1,Post,50
1004,Jamaica,JM,2025-08,IaaS,750.76,4066.76,128.83,74.91,195.22,us-east-1,Post,152
1004,Jamaica,JM,2025-08,PaaS,306.99,386.47,110.64,60.86,74.93,us-east-1,Post,84
1004,Jamaica,JM,2025-08,SaaS,71.37,580.03,31.65,70.82,37.14,us-east-1,Post,26
1004,Jamaica,JM,2025-09,IaaS,565.3,2147.07,61.41,63.52,122.75,us-east-1,Post,118
1004,Jamaica,JM,2025-09,PaaS,233.71,650.61,168.12,62.52,73.73,us-east-1,Post,44
1004,Jamaica,JM,2025-09,SaaS,144.92,467.12,21.43,62.65,51.53,us-east-1,Post,42
1004,Jamaica,JM,2025-10,IaaS,442.65,3370.15,132.37,70.5,142.54,us-east-1,Post,158
1004,Jamaica,JM,2025-10,PaaS,365.29,962.82,129.08,63.36,103.04,us-east-1,Post,97
1004,Jamaica,JM,2025-10,SaaS,156.82,192.15,40.84,75.65,47.42,us-east-1,Post,55
1005,Jamaica,JM,2025-01,IaaS,931.76,2589.08,320.7,58.36,200.22,us-east-1,Pre,147
1005,Jamaica,JM,2025-01,PaaS,141.26,752.72,107.69,41.41,55.12,us-east-1,Pre,84
1005,Jamaica,JM,2025-01,SaaS,125.75,525.16,116.47,47.28,54.18,us-east-1,Pre,5
1005,Jamaica,JM,2025-02,IaaS,912.24,4276.65,229.72,33.85,228.51,us-east-1,Pre,151
1005,Jamaica,JM,2025-02,PaaS,283.73,728.49,86.13,18.76,78.36,us-east-1,Pre,55
1005,Jamaica,JM,2025-02,SaaS,53.07,876.76,40.99,51.56,42.03,us-east-1,Pre,30
1005,Jamaica,JM,2025-03,IaaS,355.09,1723.52,102.3,48.24,91.46,us-east-1,Pre,142
1005,Jamaica,JM,2025-03,PaaS,234.9,950.08,156.51,47.58,81.4,us-east-1,Pre,59
1005,Jamaica,JM,2025-03,SaaS,139.14,447.4,113.85,35.91,55.04,us-east-1,Pre,40
1005,Jamaica,JM,2025-04,IaaS,705.54,2655.22,160.52,23,160.18,us-east-1,Pre,115
1005,Jamaica,JM,2025-04,PaaS,524.63,954.34,75.48,52.23,127.19,us-east-1,Pre,62
1005,Jamaica,JM,2025-04,SaaS,132.39,317.09,117.33,57.09,49.65,us-east-1,Pre,11
1005,Jamaica,JM,2025-05,IaaS,1037.67,3977.03,208.13,66.09,234.72,us-east-1,Pre,165
1005,Jamaica,JM,2025-05,PaaS,480.11,1073.61,54.01,33.98,120.8,us-east-1,Pre,92
1005,Jamaica,JM,2025-05,SaaS,49.98,529.79,48.1,59.81,31.27,us-east-1,Pre,30
1005,Jamaica,JM,2025-06,IaaS,708.46,3683.84,110.88,34.93,179.72,us-east-1,Pre,153
1005,Jamaica,JM,2025-06,PaaS,488.63,502.98,64.63,51.94,107.21,us-east-1,Pre,111
1005,Jamaica,JM,2025-06,SaaS,67.85,207.19,72.15,26.2,27.51,us-east-1,Pre,16
1005,Jamaica,JM,2025-07,IaaS,250.83,4895.82,111.37,38.42,152.73,us-east-1,Pre,142
1005,Jamaica,JM,2025-07,PaaS,318.57,783.65,106.01,57.71,87.77,us-east-1,Pre,92
1005,Jamaica,JM,2025-07,SaaS,171.56,596.15,106.96,44.02,67.19,us-east-1,Pre,31
1005,Jamaica,JM,2025-08,IaaS,1080.59,2835.06,59.09,47.3,200.2,us-east-1,Pre,179
1005,Jamaica,JM,2025-08,PaaS,395.4,238.26,207.71,51.17,94.46,us-east-1,Pre,87
1005,Jamaica,JM,2025-08,SaaS,80.18,511.98,63.68,42.39,39.23,us-east-1,Pre,14
1005,Jamaica,JM,2025-09,IaaS,405.58,3030.19,255.16,48.71,141.33,us-east-1,Pre,173
1005,Jamaica,JM,2025-09,PaaS,395.65,726.54,137.8,46.88,102.58,us-east-1,Pre,48
1005,Jamaica,JM,2025-09,SaaS,148.17,747.48,135.06,54.03,67.57,us-east-1,Pre,41
1005,Jamaica,JM,2025-10,IaaS,1207.31,2985.65,263.63,28.11,237.27,us-east-1,Pre,135
1005,Jamaica,JM,2025-10,PaaS,360.51,729.98,150.23,54.54,97.35,us-east-1,Pre,79
1005,Jamaica,JM,2025-10,SaaS,161.35,442.13,69.67,42.82,57.78,us-east-1,Pre,10
1006,Barbados,BB,2025-01,IaaS,224.66,3840.09,144.28,55.5,128.27,us-east-1,Pre,143
1006,Barbados,BB,2025-01,PaaS,375.09,1172.98,155.73,58.67,112.82,us-east-1,Pre,84
1006,Barbados,BB,2025-01,SaaS,87.75,782.24,32.81,79.96,47.37,us-east-1,Pre,10
1006,Barbados,BB,2025-02,IaaS,253.85,1704.53,161.81,36.96,84.23,us-east-1,Pre,164
1006,Barbados,BB,2025-02,PaaS,290.17,707.68,57.9,59.2,76.68,us-east-1,Pre,69
1006,Barbados,BB,2025-02,SaaS,100.52,523.16,120.69,35.97,48.07,us-east-1,Pre,38
1006,Barbados,BB,2025-03,IaaS,991.52,2714.04,123.57,61.69,192.53,us-east-1,Pre,198
1006,Barbados,BB,2025-03,PaaS,177.19,702.39,67.67,53.12,56.98,us-east-1,Pre,106
1006,Barbados,BB,2025-03,SaaS,81.76,344.65,43.07,47.54,33.36,us-east-1,Pre,71
1006,Barbados,BB,2025-04,IaaS,965.29,3129.49,189.65,35.76,204.88,us-east-1,Pre,156
1006,Barbados,BB,2025-04,PaaS,443.09,365.13,47.84,40.82,93.81,us-east-1,Pre,98
1006,Barbados,BB,2025-04,SaaS,71.94,644.55,46.33,57.91,40.1,us-east-1,Pre,5
1006,Barbados,BB,2025-05,IaaS,968.34,3310.1,198.22,67.9,210.17,us-east-1,Pre,188
1006,Barbados,BB,2025-05,PaaS,484.75,411.44,144.22,54.67,110.31,us-east-1,Pre,68
1006,Barbados,BB,2025-05,SaaS,214.45,221.7,68.72,41.33,64.39,us-east-1,Pre,14
1006,Barbados,BB,2025-06,IaaS,850.77,971.59,73.49,39.41,131.05,us-east-1,Pre,156
1006,Barbados,BB,2025-06,PaaS,215.83,225.53,45.69,45.44,48.82,us-east-1,Pre,87
1006,Barbados,BB,2025-06,SaaS,152.81,521.82,35.4,33.14,55.98,us-east-1,Pre,46
1006,Barbados,BB,2025-07,IaaS,766.04,2653.59,129.04,71.85,164.57,us-east-1,Post,185
1006,Barbados,BB,2025-07,PaaS,128.55,375.02,175.36,60.97,47.67,us-east-1,Post,77
1006,Barbados,BB,2025-07,SaaS,77.09,532.76,74.09,58.33,39.7,us-east-1,Post,63
1006,Barbados,BB,2025-08,IaaS,969.7,2120.37,202.09,69.7,183.32,us-east-1,Post,127
1006,Barbados,BB,2025-08,PaaS,197.94,1091.99,65.05,51.25,71.41,us-east-1,Post,105
1006,Barbados,BB,2025-08,SaaS,152.88,249.63,104.16,53.99,51.96,us-east-1,Post,33
1006,Barbados,BB,2025-09,IaaS,1011.31,3691.05,209.49,55.77,225.11,us-east-1,Post,152
1006,Barbados,BB,2025-09,PaaS,262.25,563.56,69.47,70.9,68.54,us-east-1,Post,76
1006,Barbados,BB,2025-09,SaaS,142.04,572.11,69.13,52.02,56.82,us-east-1,Post,47
1006,Barbados,BB,2025-10,IaaS,878.34,3914.11,126.94,61.2,206.85,us-east-1,Post,170
1006,Barbados,BB,2025-10,PaaS,255.73,485.75,153.7,42.91,71.93,us-east-1,Post,71
1006,Barbados,BB,2025-10,SaaS,103.96,549.37,77.9,57.22,47.15,us-east-1,Post,44
1007,Barbados,BB,2025-01,IaaS,466.23,3836.37,153.42,36.53,157.99,us-east-1,Pre,184
1007,Barbados,BB,2025-01,PaaS,347.65,973.54,118.45,34.83,99.31,us-east-1,Pre,80
1007,Barbados,BB,2025-01,SaaS,147.29,424.46,95.08,48.5,55.26,us-east-1,Pre,51
1007,Barbados,BB,2025-02,IaaS,1105.92,1701.09,251.13,44.63,194.44,us-east-1,Pre,146
1007,Barbados,BB,2025-02,PaaS,110.52,1073.71,179.73,47.93,64.34,us-east-1,Pre,80
1007,Barbados,BB,2025-02,SaaS,169.95,405.04,55.65,43.17,57.98,us-east-1,Pre,53
1007,Barbados,BB,2025-03,IaaS,751.22,712.81,208.32,56.26,125.29,us-east-1,Pre,165
1007,Barbados,BB,2025-03,PaaS,383.85,362.76,106.18,46.37,87.74,us-east-1,Pre,103
1007,Barbados,BB,2025-03,SaaS,128.14,730.32,97.91,65.77,59.82,us-east-1,Pre,68
1007,Barbados,BB,2025-04,IaaS,1194.34,3232.37,97.65,27.35,226.45,us-east-1,Pre,144
1007,Barbados,BB,2025-04,PaaS,421.39,1112.7,63.79,28,112.11,us-east-1,Pre,74
1007,Barbados,BB,2025-04,SaaS,178.05,501.96,103.16,47.34,65.76,us-east-1,Pre,32
1007,Barbados,BB,2025-05,IaaS,1107.08,4598.12,170.09,46.72,253.91,us-east-1,Pre,148
1007,Barbados,BB,2025-05,PaaS,143.67,224.31,84.23,42.95,38.88,us-east-1,Pre,80
1007,Barbados,BB,2025-05,SaaS,149.2,211.99,111.2,30.13,50.33,us-east-1,Pre,12
1007,Barbados,BB,2025-06,IaaS,585.75,2778.31,342.54,47.02,165.02,us-east-1,Pre,163
1007,Barbados,BB,2025-06,PaaS,318.97,667.32,150.8,43.21,88.16,us-east-1,Pre,54
1007,Barbados,BB,2025-06,SaaS,166.44,547.69,34.64,61.28,60.12,us-east-1,Pre,55
1007,Barbados,BB,2025-07,IaaS,725.09,2995.82,226.12,60.17,176.26,us-east-1,Post,137
1007,Barbados,BB,2025-07,PaaS,341.93,556.11,180.71,76.48,91.58,us-east-1,Post,85
1007,Barbados,BB,2025-07,SaaS,53.64,697.28,18.87,61.71,35.46,us-east-1,Post,30
1007,Barbados,BB,2025-08,IaaS,801.99,1715.57,289.97,71.81,161.79,us-east-1,Post,180
1007,Barbados,BB,2025-08,PaaS,177.08,970.08,98.19,58.09,66.89,us-east-1,Post,52
1007,Barbados,BB,2025-08,SaaS,70.4,461.17,22.39,44.65,32.78,us-east-1,Post,79
1007,Barbados,BB,2025-09,IaaS,769.91,977.5,191.65,65.34,132.12,us-east-1,Post,176
1007,Barbados,BB,2025-09,PaaS,454.24,450.93,58.99,44.41,99.11,us-east-1,Post,74
1007,Barbados,BB,2025-09,SaaS,145.65,698.76,79.23,84.84,62.13,us-east-1,Post,85
1007,Barbados,BB,2025-10,IaaS,725.99,1449.27,90.02,70.61,128.55,us-east-1,Post,153
1007,Barbados,BB,2025-10,PaaS,343.88,610.84,96.64,81.19,86.73,us-east-1,Post,74
1007,Barbados,BB,2025-10,SaaS,98.27,495.27,119.01,58.78,46.57,us-east-1,Post,53
1008,Barbados,BB,2025-01,IaaS,1194.46,4055.11,75.27,47.79,243.38,us-east-1,Pre,121
1008,Barbados,BB,2025-01,PaaS,234.19,284.23,78.83,57.08,56.42,us-east-1,Pre,114
1008,Barbados,BB,2025-01,SaaS,133.37,339.74,70.04,36.86,47.74,us-east-1,Pre,5
1008,Barbados,BB,2025-02,IaaS,534.73,4985.41,285.44,40.03,204.52,us-east-1,Pre,137
1008,Barbados,BB,2025-02,PaaS,506.38,287.89,79.38,38.51,105.56,us-east-1,Pre,73
1008,Barbados,BB,2025-02,SaaS,171.44,674.82,35.59,61.7,65.24,us-east-1,Pre,31
1008,Barbados,BB,2025-03,IaaS,992.87,984.13,81.35,26.94,149.1,us-east-1,Pre,177
1008,Barbados,BB,2025-03,PaaS,351.19,701.27,115.61,43.19,92.1,us-east-1,Pre,73
1008,Barbados,BB,2025-03,SaaS,145.74,713.06,113.62,49.35,64.64,us-east-1,Pre,33
1008,Barbados,BB,2025-04,IaaS,489.93,684.73,81.03,29.95,81.83,us-east-1,Pre,152
1008,Barbados,BB,2025-04,PaaS,446.09,1241.17,41.51,47.83,118.37,us-east-1,Pre,74
1008,Barbados,BB,2025-04,SaaS,139.25,333.3,87.35,43.58,50.05,us-east-1,Pre,24
1008,Barbados,BB,2025-05,IaaS,425.62,2166.56,125.29,55.32,112.18,us-east-1,Pre,176
1008,Barbados,BB,2025-05,PaaS,218.2,1233.47,109.4,35.97,82.56,us-east-1,Pre,65
1008,Barbados,BB,2025-05,SaaS,75.55,174.18,46.88,53.94,26.92,us-east-1,Pre,30
1008,Barbados,BB,2025-06,IaaS,516.64,1987.16,145.8,47.54,120.82,us-east-1,Pre,142
1008,Barbados,BB,2025-06,PaaS,197.63,1216.04,173.28,33.8,83.48,us-east-1,Pre,65
1008,Barbados,BB,2025-06,SaaS,100.86,622.32,76.92,27.31,48.5,us-east-1,Pre,27
1008,Barbados,BB,2025-07,IaaS,657.65,3835.48,152.2,34.26,180.83,us-east-1,Pre,175
1008,Barbados,BB,2025-07,PaaS,117.9,1287.87,86.84,41.12,64.23,us-east-1,Pre,52
1008,Barbados,BB,2025-07,SaaS,101.94,346.5,27.6,69.29,37.54,us-east-1,Pre,66
1008,Barbados,BB,2025-08,IaaS,377.07,1255.27,126.2,30.58,85.48,us-east-1,Pre,167
1008,Barbados,BB,2025-08,PaaS,422.52,911.07,66.92,46,106.92,us-east-1,Pre,97
1008,Barbados,BB,2025-08,SaaS,160.95,643.61,59.63,32.36,63.12,us-east-1,Pre,18
1008,Barbados,BB,2025-09,IaaS,1076.11,2876.68,203.55,44.45,213.62,us-east-1,Pre,140
1008,Barbados,BB,2025-09,PaaS,416.39,1131.49,108.95,45.09,115.35,us-east-1,Pre,122
1008,Barbados,BB,2025-09,SaaS,68.72,297.07,41.61,56.77,28.59,us-east-1,Pre,52
1008,Barbados,BB,2025-10,IaaS,235.87,5044.3,322.22,34.94,173.32,us-east-1,Pre,143
1008,Barbados,BB,2025-10,PaaS,337.22,812.64,162.19,29.06,96.43,us-east-1,Pre,113
1008,Barbados,BB,2025-10,SaaS,124.66,596.77,91.24,57.56,54.54,us-east-1,Pre,31
1009,Guyana,GY,2025-01,IaaS,618.4,1150.02,87,53.81,108.49,us-east-1,Pre,164
1009,Guyana,GY,2025-01,PaaS,358.56,1081.18,98.3,39.36,102.68,us-east-1,Pre,78
1009,Guyana,GY,2025-01,SaaS,185.47,428.04,84.22,34.9,64.26,us-east-1,Pre,18
1009,Guyana,GY,2025-02,IaaS,828.11,4148.51,279.36,60.59,219.93,us-east-1,Pre,128
1009,Guyana,GY,2025-02,PaaS,154.48,1192.87,43.11,25.37,64.65,us-east-1,Pre,72
1009,Guyana,GY,2025-02,SaaS,169.45,548.78,51.8,41.76,61.93,us-east-1,Pre,66
1009,Guyana,GY,2025-03,IaaS,834.88,2997.35,116.69,35.18,179.63,us-east-1,Pre,128
1009,Guyana,GY,2025-03,PaaS,505.18,243.32,141.92,60.73,109.1,us-east-1,Pre,47
1009,Guyana,GY,2025-03,SaaS,192.6,905.13,64.08,45.47,79.15,us-east-1,Pre,53
1009,Guyana,GY,2025-04,IaaS,1049.68,3390.16,145.16,38.46,217,us-east-1,Pre,170
1009,Guyana,GY,2025-04,PaaS,117.63,750.21,206.11,48.08,58.67,us-east-1,Pre,79
1009,Guyana,GY,2025-04,SaaS,127.02,196.59,43.88,35.03,40.29,us-east-1,Pre,41
1009,Guyana,GY,2025-05,IaaS,880.87,3953.92,151.88,36.44,210.31,us-east-1,Pre,129
1009,Guyana,GY,2025-05,PaaS,158.73,1083.85,135.38,47.76,69.75,us-east-1,Pre,13
1009,Guyana,GY,2025-05,SaaS,95.46,337.43,71.22,57.69,38.26,us-east-1,Pre,48
1009,Guyana,GY,2025-06,IaaS,215.14,3854.3,251,25.69,137.06,us-east-1,Pre,167
1009,Guyana,GY,2025-06,PaaS,160.54,1098.5,123.96,45.26,69.57,us-east-1,Pre,45
1009,Guyana,GY,2025-06,SaaS,49.92,240.52,72.1,49.99,24.02,us-east-1,Pre,51
1009,Guyana,GY,2025-07,IaaS,570.87,1087.83,181.1,36.71,109.82,us-east-1,Pre,137
1009,Guyana,GY,2025-07,PaaS,305.17,465.47,174.68,45.57,81.94,us-east-1,Pre,98
1009,Guyana,GY,2025-07,SaaS,173.28,715.13,24.03,56.06,66.21,us-east-1,Pre,58
1009,Guyana,GY,2025-08,IaaS,448.46,785.4,145.88,50.29,85.01,us-east-1,Pre,151
1009,Guyana,GY,2025-08,PaaS,334.86,339.68,123.96,54.9,79.7,us-east-1,Pre,88
1009,Guyana,GY,2025-08,SaaS,145.24,107.61,45.11,37.29,42.24,us-east-1,Pre,67
1009,Guyana,GY,2025-09,IaaS,1071,2650.12,193.35,27.7,206.87,us-east-1,Pre,187
1009,Guyana,GY,2025-09,PaaS,358.54,1270.18,138.16,34.37,111.16,us-east-1,Pre,65
1009,Guyana,GY,2025-09,SaaS,167.66,373.98,36.63,26.4,55.33,us-east-1,Pre,27
1009,Guyana,GY,2025-10,IaaS,346.84,5012.03,130.77,38.28,168.67,us-east-1,Pre,152
1009,Guyana,GY,2025-10,PaaS,193.22,695.32,83.58,49.42,60.93,us-east-1,Pre,104
1009,Guyana,GY,2025-10,SaaS,177.8,563.8,110.76,50.6,68.01,us-east-1,Pre,23
1010,Guyana,GY,2025-01,IaaS,221.59,2493.78,143.84,62.71,96.89,us-east-1,Pre,159
1010,Guyana,GY,2025-01,PaaS,116.44,318.96,41.84,26.87,33.24,us-east-1,Pre,58
1010,Guyana,GY,2025-01,SaaS,130.31,365.16,41.8,40.55,46.04,us-east-1,Pre,21
1010,Guyana,GY,2025-02,IaaS,681.14,2393.17,147.25,45.11,150.03,us-east-1,Pre,145
1010,Guyana,GY,2025-02,PaaS,210.33,917.75,171.45,53.02,77.27,us-east-1,Pre,68
1010,Guyana,GY,2025-02,SaaS,170.99,737.32,52.38,46.53,68.01,us-east-1,Pre,31
1010,Guyana,GY,2025-03,IaaS,279.68,2873.26,117.55,54.47,110.23,us-east-1,Pre,135
1010,Guyana,GY,2025-03,PaaS,371.41,546.3,68.39,50.05,87.62,us-east-1,Pre,70
1010,Guyana,GY,2025-03,SaaS,112.87,760.91,62.98,49.5,54.83,us-east-1,Pre,44
1010,Guyana,GY,2025-04,IaaS,892.47,927.49,104.64,45.6,137.85,us-east-1,Pre,156
1010,Guyana,GY,2025-04,PaaS,201.2,382.25,58.87,43.49,51.63,us-east-1,Pre,67
1010,Guyana,GY,2025-04,SaaS,107.4,780.34,46.63,57.2,53.06,us-east-1,Pre,55
1010,Guyana,GY,2025-05,IaaS,211.03,2986.58,210.47,50.51,112.96,us-east-1,Pre,164
1010,Guyana,GY,2025-05,PaaS,364.99,293.46,64.58,52.63,79.08,us-east-1,Pre,63
1010,Guyana,GY,2025-05,SaaS,146.23,709.52,85.69,51.47,62.98,us-east-1,Pre,5
1010,Guyana,GY,2025-06,IaaS,560.92,3009.52,264.98,46.16,160.38,us-east-1,Pre,127
1010,Guyana,GY,2025-06,PaaS,262.2,1142.07,192.74,56.26,94.59,us-east-1,Pre,56
1010,Guyana,GY,2025-06,SaaS,52.48,738.1,65.2,38.63,39.17,us-east-1,Pre,48
1010,Guyana,GY,2025-07,IaaS,280.91,496.46,199.35,82.09,63.07,us-east-1,Post,124
1010,Guyana,GY,2025-07,PaaS,333.15,276.02,70.27,72.21,73.32,us-east-1,Post,101
1010,Guyana,GY,2025-07,SaaS,113.49,423.36,86.6,77.42,46.27,us-east-1,Post,5
1010,Guyana,GY,2025-08,IaaS,1060.62,3340.56,259.5,61.52,227.46,us-east-1,Post,119
1010,Guyana,GY,2025-08,PaaS,264.29,832.22,100.89,44.36,78.95,us-east-1,Post,90
1010,Guyana,GY,2025-08,SaaS,131.71,214.17,79.04,69.53,44.1,us-east-1,Post,31
1010,Guyana,GY,2025-09,IaaS,439.86,2929.72,151.33,67.95,133.79,us-east-1,Post,162
1010,Guyana,GY,2025-09,PaaS,112.01,722.91,86.58,68.27,47.33,us-east-1,Post,73
1010,Guyana,GY,2025-09,SaaS,159.86,486.45,54.2,71.92,57.81,us-east-1,Post,53
1010,Guyana,GY,2025-10,IaaS,700.28,631.42,56.78,56.76,103.67,us-east-1,Post,198
1010,Guyana,GY,2025-10,PaaS,117.55,225.58,121.19,74.82,37.17,us-east-1,Post,89
1010,Guyana,GY,2025-10,SaaS,134.65,134.69,58.05,56.94,41.19,us-east-1,Post,33
1011,Guyana,GY,2025-01,IaaS,649.68,2527.87,192.37,29.34,153.42,us-east-1,Pre,170
1011,Guyana,GY,2025-01,PaaS,462.42,983.66,173.12,46.55,124.63,us-east-1,Pre,43
1011,Guyana,GY,2025-01,SaaS,101.92,245.93,93.7,46.29,38.48,us-east-1,Pre,36
1011,Guyana,GY,2025-02,IaaS,338.99,4541.53,82.15,43.47,152.53,us-east-1,Pre,108
1011,Guyana,GY,2025-02,PaaS,143.32,440.98,135.65,52.53,49,us-east-1,Pre,92
1011,Guyana,GY,2025-02,SaaS,153.14,348.36,25,39.02,50.23,us-east-1,Pre,43
1011,Guyana,GY,2025-03,IaaS,370.34,3025.19,170.75,52.18,129.39,us-east-1,Pre,139
1011,Guyana,GY,2025-03,PaaS,279.75,936.76,79.64,60.83,82.96,us-east-1,Pre,51
1011,Guyana,GY,2025-03,SaaS,195.45,864.5,70.73,46.46,79.04,us-east-1,Pre,5
1011,Guyana,GY,2025-04,IaaS,379.01,979.75,86.54,43.17,75.8,us-east-1,Pre,141
1011,Guyana,GY,2025-04,PaaS,485.26,1177.77,91.97,42.26,127.68,us-east-1,Pre,78
1011,Guyana,GY,2025-04,SaaS,146.99,708.49,57.99,54.1,61.48,us-east-1,Pre,10
1011,Guyana,GY,2025-05,IaaS,863.17,2404.37,265.65,48.98,182.79,us-east-1,Pre,158
1011,Guyana,GY,2025-05,PaaS,122.16,809.39,201.69,38.72,60.79,us-east-1,Pre,22
1011,Guyana,GY,2025-05,SaaS,157.22,139.12,54.77,37.59,46.77,us-east-1,Pre,27
1011,Guyana,GY,2025-06,IaaS,537.65,3252.24,228.81,51.44,159.91,us-east-1,Pre,118
1011,Guyana,GY,2025-06,PaaS,424.32,579.48,218.82,62.96,110.11,us-east-1,Pre,95
1011,Guyana,GY,2025-06,SaaS,147.63,200.06,95.79,46.5,48.66,us-east-1,Pre,5
1011,Guyana,GY,2025-07,IaaS,584.61,4128.5,218.29,70,184.75,us-east-1,Post,157
1011,Guyana,GY,2025-07,PaaS,205.27,884.65,59.35,63.43,66.47,us-east-1,Post,66
1011,Guyana,GY,2025-07,SaaS,90.01,509.03,104.98,75.23,44.07,us-east-1,Post,53
1011,Guyana,GY,2025-08,IaaS,362.27,2474.39,77.79,65.52,107.38,us-east-1,Post,116
1011,Guyana,GY,2025-08,PaaS,112.34,679.18,109.13,70.5,47.97,us-east-1,Post,112
1011,Guyana,GY,2025-08,SaaS,54.15,668.93,64.48,58.59,37.48,us-east-1,Post,14
1011,Guyana,GY,2025-09,IaaS,827.95,4197.9,197.58,68.35,213.69,us-east-1,Post,143
1011,Guyana,GY,2025-09,PaaS,94.97,1021.79,50.66,67.12,49.76,us-east-1,Post,67
1011,Guyana,GY,2025-09,SaaS,48.91,296.69,49.96,57.8,24.13,us-east-1,Post,51
1011,Guyana,GY,2025-10,IaaS,339.93,3907.2,197.84,71.23,148.46,us-east-1,Post,148
1011,Guyana,GY,2025-10,PaaS,260.05,700.41,140.45,70.77,77.66,us-east-1,Post,73
1011,Guyana,GY,2025-10,SaaS,56.36,589.56,96.33,77.18,37.56,us-east-1,Post,41
1012,Dominican Republic,DO,2025-01,IaaS,643.2,2288.13,171.79,61.07,145.27,us-east-1,Pre,132
1012,Dominican Republic,DO,2025-01,PaaS,390.17,748.13,161.68,35.07,104.11,us-east-1,Pre,98
1012,Dominican Republic,DO,2025-01,SaaS,165.23,451.91,50.49,40.23,57.89,us-east-1,Pre,7
1012,Dominican Republic,DO,2025-02,IaaS,905.66,3740.8,127.24,34.02,206.17,us-east-1,Pre,146
1012,Dominican Republic,DO,2025-02,PaaS,460.3,757.32,103.7,46.31,112.36,us-east-1,Pre,45
1012,Dominican Republic,DO,2025-02,SaaS,51.88,781.55,23.98,64.42,37.85,us-east-1,Pre,5
1012,Dominican Republic,DO,2025-03,IaaS,479.1,5070.82,55.25,53.08,179.09,us-east-1,Pre,137
1012,Dominican Republic,DO,2025-03,PaaS,309.68,634.18,55.78,75.93,77.96,us-east-1,Pre,50
1012,Dominican Republic,DO,2025-03,SaaS,171.71,612.06,113.92,41.96,68.12,us-east-1,Pre,20
1012,Dominican Republic,DO,2025-04,IaaS,639.36,4223.9,183.31,27.61,190.37,us-east-1,Pre,128
1012,Dominican Republic,DO,2025-04,PaaS,325.56,1085.63,68.74,46.41,94.5,us-east-1,Pre,66
1012,Dominican Republic,DO,2025-04,SaaS,94.92,340.6,79.04,50.73,38.69,us-east-1,Pre,54
1012,Dominican Republic,DO,2025-05,IaaS,543.16,589.37,275.95,48.9,103.57,us-east-1,Pre,162
1012,Dominican Republic,DO,2025-05,PaaS,247.12,563.49,36.81,69.64,63.2,us-east-1,Pre,86
1012,Dominican Republic,DO,2025-05,SaaS,149.66,437.8,34.51,35.12,52.62,us-east-1,Pre,41
1012,Dominican Republic,DO,2025-06,IaaS,502.83,2511.05,258.15,33.81,141.33,us-east-1,Pre,169
1012,Dominican Republic,DO,2025-06,PaaS,135.49,554.71,192.07,55.67,55.29,us-east-1,Pre,91
1012,Dominican Republic,DO,2025-06,SaaS,114.42,235.32,49.14,40.02,38.61,us-east-1,Pre,42
1012,Dominican Republic,DO,2025-07,IaaS,1100.35,3404.55,174.22,72.05,226.03,us-east-1,Post,149
1012,Dominican Republic,DO,2025-07,PaaS,367.47,612.98,65.77,68.91,88.57,us-east-1,Post,54
1012,Dominican Republic,DO,2025-07,SaaS,101.16,321.59,76.18,63.56,39.51,us-east-1,Post,21
1012,Dominican Republic,DO,2025-08,IaaS,634.8,1082.07,105.73,62.91,110.58,us-east-1,Post,125
1012,Dominican Republic,DO,2025-08,PaaS,158.36,812.37,180.41,69.04,65.68,us-east-1,Post,72
1012,Dominican Republic,DO,2025-08,SaaS,109.39,645.02,76.85,73.5,51.31,us-east-1,Post,38
1012,Dominican Republic,DO,2025-09,IaaS,431.63,3031.91,78.4,71.55,128.59,us-east-1,Post,153
1012,Dominican Republic,DO,2025-09,PaaS,226.81,250.45,209.2,65.59,64.58,us-east-1,Post,77
1012,Dominican Republic,DO,2025-09,SaaS,57.2,445.46,32.04,68.23,29.59,us-east-1,Post,21
1012,Dominican Republic,DO,2025-10,IaaS,382.9,3072.16,255.31,51.46,139.59,us-east-1,Post,163
1012,Dominican Republic,DO,2025-10,PaaS,206.29,839.42,54.51,65.57,65,us-east-1,Post,75
1012,Dominican Republic,DO,2025-10,SaaS,159.77,551.15,22.02,67.63,57.8,us-east-1,Post,42
1013,Dominican Republic,DO,2025-01,IaaS,365.21,1230.63,319,37.01,100.84,us-east-1,Pre,110
1013,Dominican Republic,DO,2025-01,PaaS,107,1012.7,174.94,34.35,61.61,us-east-1,Pre,76
1013,Dominican Republic,DO,2025-01,SaaS,162.22,285.15,68.77,52.45,53.24,us-east-1,Pre,39
1013,Dominican Republic,DO,2025-02,IaaS,374.26,1346,182,41.76,92.25,us-east-1,Pre,148
1013,Dominican Republic,DO,2025-02,PaaS,272.44,1112.01,199.7,36.24,96.15,us-east-1,Pre,76
1013,Dominican Republic,DO,2025-02,SaaS,207.47,550.07,110.33,37,74.99,us-east-1,Pre,34
1013,Dominican Republic,DO,2025-03,IaaS,1110.29,4779.32,66.75,47.51,249.17,us-east-1,Pre,166
1013,Dominican Republic,DO,2025-03,PaaS,336.94,854.53,78.8,47.2,90.88,us-east-1,Pre,50
1013,Dominican Republic,DO,2025-03,SaaS,96.2,364.53,75.87,53.69,39.54,us-east-1,Pre,19
1013,Dominican Republic,DO,2025-04,IaaS,545.63,4164.46,78.46,54.83,168.32,us-east-1,Pre,139
1013,Dominican Republic,DO,2025-04,PaaS,134.07,850.75,57.58,51.26,52.56,us-east-1,Pre,88
1013,Dominican Republic,DO,2025-04,SaaS,54.71,718.14,33.48,45.31,37.23,us-east-1,Pre,37
1013,Dominican Republic,DO,2025-05,IaaS,293.87,4408.78,165.96,34.91,151.6,us-east-1,Pre,147
1013,Dominican Republic,DO,2025-05,PaaS,160.96,592.72,178.1,39.32,59.82,us-east-1,Pre,101
1013,Dominican Republic,DO,2025-05,SaaS,175.3,487.96,93.73,47.2,64.09,us-east-1,Pre,33
1013,Dominican Republic,DO,2025-06,IaaS,930.68,838.91,145.3,27.08,144.05,us-east-1,Pre,149
1013,Dominican Republic,DO,2025-06,PaaS,314.69,1186.28,103.94,35.32,98.18,us-east-1,Pre,91
1013,Dominican Republic,DO,2025-06,SaaS,126.69,178.67,58.34,44.87,40.53,us-east-1,Pre,57
1013,Dominican Republic,DO,2025-07,IaaS,684.49,2505.7,192.38,62.46,157.08,us-east-1,Pre,168
1013,Dominican Republic,DO,2025-07,PaaS,366.09,302.35,100.02,39.58,82.36,us-east-1,Pre,86
1013,Dominican Republic,DO,2025-07,SaaS,82.68,578.91,45.08,44.17,40.74,us-east-1,Pre,81
1013,Dominican Republic,DO,2025-08,IaaS,1172.7,1353.02,146.35,34.51,185.02,us-east-1,Pre,141
1013,Dominican Republic,DO,2025-08,PaaS,221.35,677.09,66.03,37.84,64.08,us-east-1,Pre,75
1013,Dominican Republic,DO,2025-08,SaaS,53.02,845.19,84.75,27.86,43.7,us-east-1,Pre,43
1013,Dominican Republic,DO,2025-09,IaaS,465.58,4976.84,285.31,71.93,196.01,us-east-1,Pre,166
1013,Dominican Republic,DO,2025-09,PaaS,423.85,386.51,107.65,43.23,95.73,us-east-1,Pre,79
1013,Dominican Republic,DO,2025-09,SaaS,105.87,238.85,64.95,33.04,37.53,us-east-1,Pre,33
1013,Dominican Republic,DO,2025-10,IaaS,710,2058.61,69.44,64.38,138.8,us-east-1,Pre,96
1013,Dominican Republic,DO,2025-10,PaaS,476.56,1207.33,122.07,58.99,129.35,us-east-1,Pre,111
1013,Dominican Republic,DO,2025-10,SaaS,111.29,187.28,50.87,34.23,36.49,us-east-1,Pre,60
1014,Dominican Republic,DO,2025-01,IaaS,234.64,3496.57,196.84,55.87,126.29,us-east-1,Pre,156
1014,Dominican Republic,DO,2025-01,PaaS,234.14,557.65,149.51,43.66,69.72,us-east-1,Pre,64
1014,Dominican Republic,DO,2025-01,SaaS,92.48,310.9,30.34,59.66,34.27,us-east-1,Pre,30
1014,Dominican Republic,DO,2025-02,IaaS,862.74,4380.06,266.33,49.15,228.24,us-east-1,Pre,139
1014,Dominican Republic,DO,2025-02,PaaS,204.73,1253.33,79.91,45.61,78.34,us-east-1,Pre,126
1014,Dominican Republic,DO,2025-02,SaaS,156.03,572.12,34.3,50.33,58.23,us-east-1,Pre,21
1014,Dominican Republic,DO,2025-03,IaaS,757.8,4413.94,272.53,64.58,216.98,us-east-1,Pre,113
1014,Dominican Republic,DO,2025-03,PaaS,300.87,1149.83,32.54,55.42,88.96,us-east-1,Pre,63
1014,Dominican Republic,DO,2025-03,SaaS,168.36,721.33,34.28,54.33,65.79,us-east-1,Pre,5
1014,Dominican Republic,DO,2025-04,IaaS,1058.07,4155.05,76.74,49.78,229.44,us-east-1,Pre,147
1014,Dominican Republic,DO,2025-04,PaaS,370.02,1154.48,88.18,44.99,105.98,us-east-1,Pre,69
1014,Dominican Republic,DO,2025-04,SaaS,214.91,836.49,101.61,31.88,84.92,us-east-1,Pre,24
1014,Dominican Republic,DO,2025-05,IaaS,636.86,3918.25,172.76,30.61,182.09,us-east-1,Pre,176
1014,Dominican Republic,DO,2025-05,PaaS,291.69,466.96,74.53,54.59,71.54,us-east-1,Pre,77
1014,Dominican Republic,DO,2025-05,SaaS,185.92,630.89,43.58,51.16,68.02,us-east-1,Pre,35
1014,Dominican Republic,DO,2025-06,IaaS,314.6,4233.19,262.57,45.89,158.75,us-east-1,Pre,154
1014,Dominican Republic,DO,2025-06,PaaS,254.25,339.07,223.1,37.76,73.11,us-east-1,Pre,79
1014,Dominican Republic,DO,2025-06,SaaS,122.6,571.38,86.26,43.22,52.97,us-east-1,Pre,5
1014,Dominican Republic,DO,2025-07,IaaS,375.23,1682.92,195.55,68.93,101.33,us-east-1,Post,140
1014,Dominican Republic,DO,2025-07,PaaS,282.29,825.85,43.21,65.05,77.39,us-east-1,Post,96
1014,Dominican Republic,DO,2025-07,SaaS,83.6,271.17,81.08,62.19,33.9,us-east-1,Post,87
1014,Dominican Republic,DO,2025-08,IaaS,743.64,2801.85,164.09,59.93,168.45,us-east-1,Post,161
1014,Dominican Republic,DO,2025-08,PaaS,294.86,556,108.94,70.61,77.36,us-east-1,Post,94
1014,Dominican Republic,DO,2025-08,SaaS,96.21,714.55,62.05,53.46,49.21,us-east-1,Post,52
1014,Dominican Republic,DO,2025-09,IaaS,667.05,2504.26,99.06,62.76,146.56,us-east-1,Post,122
1014,Dominican Republic,DO,2025-09,PaaS,149.76,690.72,101.59,61.33,54.42,us-east-1,Post,75
1014,Dominican Republic,DO,2025-09,SaaS,136.39,463.71,108.08,67.81,54.49,us-east-1,Post,50
1014,Dominican Republic,DO,2025-10,IaaS,493.79,1351.12,150.2,79.44,103.85,us-east-1,Post,147
1014,Dominican Republic,DO,2025-10,PaaS,93.41,555.35,71.17,59.51,38.06,us-east-1,Post,56
1014,Dominican Republic,DO,2025-10,SaaS,55.07,399.11,116.68,76.2,32.74,us-east-1,Post,47
1015,Belize,BZ,2025-01,IaaS,709.73,2631.34,248.05,33.77,168.01,us-east-1,Pre,146
1015,Belize,BZ,2025-01,PaaS,431.51,933.49,47.1,32.88,107.58,us-east-1,Pre,86
1015,Belize,BZ,2025-01,SaaS,56.67,146.23,80.04,69.03,23.36,us-east-1,Pre,48
1015,Belize,BZ,2025-02,IaaS,1026.59,4150.67,130.74,60.11,230.42,us-east-1,Pre,107
1015,Belize,BZ,2025-02,PaaS,523.96,602.72,45.44,36.24,114.82,us-east-1,Pre,62
1015,Belize,BZ,2025-02,SaaS,132.64,626.39,112.67,32.22,58.71,us-east-1,Pre,45
1015,Belize,BZ,2025-03,IaaS,953.96,2799.01,266.31,52.53,202.82,us-east-1,Pre,166
1015,Belize,BZ,2025-03,PaaS,464.4,627.07,98.87,48.1,109.06,us-east-1,Pre,65
1015,Belize,BZ,2025-03,SaaS,132,339.24,98.35,25.23,49.08,us-east-1,Pre,16
1015,Belize,BZ,2025-04,IaaS,681.96,3368.74,253.64,51.44,182.14,us-east-1,Pre,132
1015,Belize,BZ,2025-04,PaaS,244.17,601.2,56.57,56.59,65.31,us-east-1,Pre,82
1015,Belize,BZ,2025-04,SaaS,149.78,716.13,34.41,46.86,60.99,us-east-1,Pre,35
1015,Belize,BZ,2025-05,IaaS,1033.34,4342.08,275.75,47.08,248.69,us-east-1,Pre,161
1015,Belize,BZ,2025-05,PaaS,145.74,417.71,135.28,30.26,48.75,us-east-1,Pre,64
1015,Belize,BZ,2025-05,SaaS,52.27,480.83,49.91,54.52,30.49,us-east-1,Pre,86
1015,Belize,BZ,2025-06,IaaS,1063.54,4921.94,280.56,48,266.08,us-east-1,Pre,166
1015,Belize,BZ,2025-06,PaaS,208.3,1140.71,200.51,35.62,85.47,us-east-1,Pre,75
1015,Belize,BZ,2025-06,SaaS,74.71,216.91,84.01,31.47,30.23,us-east-1,Pre,17
1015,Belize,BZ,2025-07,IaaS,1069.31,4098.69,98.76,63.18,231.48,us-east-1,Pre,142
1015,Belize,BZ,2025-07,PaaS,223.78,522.78,169.65,60.49,68.49,us-east-1,Pre,95
1015,Belize,BZ,2025-07,SaaS,75.85,667.39,31.57,52.25,40.88,us-east-1,Pre,68
1015,Belize,BZ,2025-08,IaaS,415.11,4984.28,81.66,46.66,171.8,us-east-1,Pre,202
1015,Belize,BZ,2025-08,PaaS,410.29,687.19,111.84,54.95,102.04,us-east-1,Pre,78
1015,Belize,BZ,2025-08,SaaS,83.55,395.9,52.72,45.41,35.93,us-east-1,Pre,56
1015,Belize,BZ,2025-09,IaaS,382.08,4961.23,55.24,26.53,164.93,us-east-1,Pre,142
1015,Belize,BZ,2025-09,PaaS,110.02,1093.24,82.34,49.51,57,us-east-1,Pre,99
1015,Belize,BZ,2025-09,SaaS,81.65,554.53,104.99,42.56,43.35,us-east-1,Pre,36
1015,Belize,BZ,2025-10,IaaS,467.07,3821.71,164.61,46.09,158.76,us-east-1,Pre,146
1015,Belize,BZ,2025-10,PaaS,479.15,1006.7,68.11,53.61,119.88,us-east-1,Pre,94
1015,Belize,BZ,2025-10,SaaS,146.34,161.96,43.73,53.29,44.07,us-east-1,Pre,28
1016,Belize,BZ,2025-01,IaaS,889.21,922.28,182.83,48.77,144.37,us-east-1,Pre,139
1016,Belize,BZ,2025-01,PaaS,421.23,1213.33,93.01,43.45,117.24,us-east-1,Pre,40
1016,Belize,BZ,2025-01,SaaS,178.38,691.33,50.51,43.09,68.37,us-east-1,Pre,9
1016,Belize,BZ,2025-02,IaaS,990.58,1765.89,216.89,42.29,179.01,us-east-1,Pre,153
1016,Belize,BZ,2025-02,PaaS,447.58,1288.19,121.09,52.62,126.32,us-east-1,Pre,41
1016,Belize,BZ,2025-02,SaaS,76.07,603.23,23.22,61.16,38.51,us-east-1,Pre,56
1016,Belize,BZ,2025-03,IaaS,721.96,2519.09,232.67,54.97,165.51,us-east-1,Pre,139
1016,Belize,BZ,2025-03,PaaS,117.79,1208.19,65.96,47.09,60.31,us-east-1,Pre,68
1016,Belize,BZ,2025-03,SaaS,71.75,717.68,105.7,25.26,45.81,us-east-1,Pre,53
1016,Belize,BZ,2025-04,IaaS,770.63,3443.94,278.99,59.87,196.8,us-east-1,Pre,127
1016,Belize,BZ,2025-04,PaaS,251.6,1090.6,139.3,35.64,86.97,us-east-1,Pre,85
1016,Belize,BZ,2025-04,SaaS,73.97,544.05,92.97,31.66,40.39,us-east-1,Pre,44
1016,Belize,BZ,2025-05,IaaS,1038.14,5118.36,281.55,60.29,267.64,us-east-1,Pre,170
1016,Belize,BZ,2025-05,PaaS,161.24,869.04,167.95,53.56,66.79,us-east-1,Pre,54
1016,Belize,BZ,2025-05,SaaS,123.71,463.51,55.07,37.78,48.14,us-east-1,Pre,29
1016,Belize,BZ,2025-06,IaaS,809.65,4228.74,129.99,58.02,206.12,us-east-1,Pre,132
1016,Belize,BZ,2025-06,PaaS,402.3,229.88,143.06,49.71,90.3,us-east-1,Pre,14
1016,Belize,BZ,2025-06,SaaS,58.56,495.08,109.92,35.7,36.09,us-east-1,Pre,27
1016,Belize,BZ,2025-07,IaaS,324.51,2912.41,68.15,60.21,112.06,us-east-1,Post,139
1016,Belize,BZ,2025-07,PaaS,400.83,973.1,168.66,69.58,112.89,us-east-1,Post,89
1016,Belize,BZ,2025-07,SaaS,90.05,163.34,117.4,67.77,34.46,us-east-1,Post,61
1016,Belize,BZ,2025-08,IaaS,831.31,3392.78,114.61,71.37,188.11,us-east-1,Post,158
1016,Belize,BZ,2025-08,PaaS,95.41,816.34,158.57,68.43,52.72,us-east-1,Post,95
1016,Belize,BZ,2025-08,SaaS,144.18,446.52,100.46,70.7,55.47,us-east-1,Post,18
1016,Belize,BZ,2025-09,IaaS,345.11,4579.42,146.77,59.65,159.95,us-east-1,Post,171
1016,Belize,BZ,2025-09,PaaS,352.75,894.82,89.51,63.84,95.71,us-east-1,Post,56
1016,Belize,BZ,2025-09,SaaS,81.15,363.13,70.58,58.03,35.42,us-east-1,Post,44
1016,Belize,BZ,2025-10,IaaS,605.39,2651.26,272.35,54.41,158.14,us-east-1,Post,130
1016,Belize,BZ,2025-10,PaaS,344.53,789.54,97.48,64.83,91.92,us-east-1,Post,95
1016,Belize,BZ,2025-10,SaaS,128.55,226,67.46,65.89,42.97,us-east-1,Post,42
1017,Belize,BZ,2025-01,IaaS,483.97,2149.79,301.77,49.21,134.68,us-east-1,Pre,175
1017,Belize,BZ,2025-01,PaaS,119.82,1153.96,136.82,36.45,64.82,us-east-1,Pre,105
1017,Belize,BZ,2025-01,SaaS,149.49,691.1,112.96,54.45,64.88,us-east-1,Pre,42
1017,Belize,BZ,2025-02,IaaS,438.32,1026.99,228.37,58.07,96.77,us-east-1,Pre,155
1017,Belize,BZ,2025-02,PaaS,159.81,1149.11,137.25,52.61,71.92,us-east-1,Pre,90
1017,Belize,BZ,2025-02,SaaS,200.15,511.54,118.57,47.97,72.5,us-east-1,Pre,15
1017,Belize,BZ,2025-03,IaaS,504.85,4219.25,83.62,43.91,165.15,us-east-1,Pre,128
1017,Belize,BZ,2025-03,PaaS,133.82,954.22,28.51,38.19,53.09,us-east-1,Pre,42
1017,Belize,BZ,2025-03,SaaS,70.79,428.04,73.17,61.86,34.93,us-east-1,Pre,27
1017,Belize,BZ,2025-04,IaaS,1230.53,5091.98,234.81,36.75,285.91,us-east-1,Pre,157
1017,Belize,BZ,2025-04,PaaS,129.52,351.8,193.48,63.79,48.64,us-east-1,Pre,94
1017,Belize,BZ,2025-04,SaaS,135.76,883.59,102.95,31.61,66.62,us-east-1,Pre,64
1017,Belize,BZ,2025-05,IaaS,1077.36,3437.37,327.26,31.2,237.8,us-east-1,Pre,167
1017,Belize,BZ,2025-05,PaaS,348.27,1159.11,73.63,49.3,101.03,us-east-1,Pre,96
1017,Belize,BZ,2025-05,SaaS,97.39,284.78,44.31,63.02,35.55,us-east-1,Pre,13
1017,Belize,BZ,2025-06,IaaS,769.71,842.01,173.7,42.4,127.36,us-east-1,Pre,123
1017,Belize,BZ,2025-06,PaaS,105.89,442.53,126.9,52.86,41.6,us-east-1,Pre,61
1017,Belize,BZ,2025-06,SaaS,53.99,597.46,82.95,47.08,36.4,us-east-1,Pre,18
1017,Belize,BZ,2025-07,IaaS,643.09,3394.93,95.6,52.89,163.86,us-east-1,Pre,117
1017,Belize,BZ,2025-07,PaaS,447.98,465.16,159.31,72.99,106.41,us-east-1,Pre,90
1017,Belize,BZ,2025-07,SaaS,133.39,157.46,109.36,44.52,44.63,us-east-1,Pre,44
1017,Belize,BZ,2025-08,IaaS,968.38,761.22,273.68,57.03,158.34,us-east-1,Pre,167
1017,Belize,BZ,2025-08,PaaS,256.73,331.4,33.78,55.31,58.19,us-east-1,Pre,51
1017,Belize,BZ,2025-08,SaaS,92.89,402.94,140.35,64.58,43.73,us-east-1,Pre,56
1017,Belize,BZ,2025-09,IaaS,1189.03,3493.6,83.32,52.97,230.53,us-east-1,Pre,134
1017,Belize,BZ,2025-09,PaaS,148.71,766.88,43.51,42.61,51.72,us-east-1,Pre,93
1017,Belize,BZ,2025-09,SaaS,169.16,496.07,53.88,36.19,60.41,us-east-1,Pre,47
1017,Belize,BZ,2025-10,IaaS,808.65,1615.38,257.76,38.51,157.39,us-east-1,Pre,147
1017,Belize,BZ,2025-10,PaaS,350.67,734.61,179.34,36.21,98.04,us-east-1,Pre,93
1017,Belize,BZ,2025-10,SaaS,87.79,746.34,56.71,48.49,47.74,us-east-1,Pre,45
1018,Panama,PA,2025-01,IaaS,1054.59,2652.87,70.57,42.83,193.92,sa-east-1,Pre,115
1018,Panama,PA,2025-01,PaaS,455.06,635.2,81.09,43.21,106.18,sa-east-1,Pre,59
1018,Panama,PA,2025-01,SaaS,181.02,201.73,62.65,49.4,55.06,sa-east-1,Pre,5
1018,Panama,PA,2025-02,IaaS,1122.11,3809.57,195.09,37.57,239.83,sa-east-1,Pre,134
1018,Panama,PA,2025-02,PaaS,246.81,1083.32,171.99,49.95,88.52,sa-east-1,Pre,77
1018,Panama,PA,2025-02,SaaS,155.62,124.9,112.54,54.24,49.4,sa-east-1,Pre,29
1018,Panama,PA,2025-03,IaaS,874.81,2240.21,244.15,62.59,178.48,sa-east-1,Pre,188
1018,Panama,PA,2025-03,PaaS,332.82,1189.63,36.51,38.62,96.14,sa-east-1,Pre,86
1018,Panama,PA,2025-03,SaaS,79.2,623.29,36.42,52.35,40.68,sa-east-1,Pre,76
1018,Panama,PA,2025-04,IaaS,1230.97,4729.99,196.52,52.36,274.19,sa-east-1,Pre,126
1018,Panama,PA,2025-04,PaaS,118.4,192.52,186.67,38.9,41.64,sa-east-1,Pre,58
1018,Panama,PA,2025-04,SaaS,89.2,526.49,104.62,42.79,44.37,sa-east-1,Pre,21
1018,Panama,PA,2025-05,IaaS,708.22,4829.04,227.02,48.09,216.49,sa-east-1,Pre,153
1018,Panama,PA,2025-05,PaaS,165.39,962.08,97.64,37.75,64.52,sa-east-1,Pre,73
1018,Panama,PA,2025-05,SaaS,49.69,677.41,63.88,42.21,36.58,sa-east-1,Pre,42
1018,Panama,PA,2025-06,IaaS,989.72,4767.9,82.17,10.33,235.82,sa-east-1,Pre,143
1018,Panama,PA,2025-06,PaaS,310.03,257,57.1,34.88,67.57,sa-east-1,Pre,88
1018,Panama,PA,2025-06,SaaS,53.09,728.12,80.95,43.76,39.97,sa-east-1,Pre,58
1018,Panama,PA,2025-07,IaaS,733.3,5296.55,65.97,40.03,215.75,sa-east-1,Pre,143
1018,Panama,PA,2025-07,PaaS,421.09,917.51,181.17,39.69,115.98,sa-east-1,Pre,58
1018,Panama,PA,2025-07,SaaS,124.96,227.81,82.94,29.42,43.05,sa-east-1,Pre,25
1018,Panama,PA,2025-08,IaaS,847.51,692.48,64.15,43.58,123.4,sa-east-1,Pre,132
1018,Panama,PA,2025-08,PaaS,473.9,752.67,179.37,54.8,120.73,sa-east-1,Pre,106
1018,Panama,PA,2025-08,SaaS,147.99,457.04,64.42,40.44,54.57,sa-east-1,Pre,20
1018,Panama,PA,2025-09,IaaS,939.99,3904.03,291.18,37.79,228.8,sa-east-1,Pre,160
1018,Panama,PA,2025-09,PaaS,380.73,1107.38,172.08,37.97,113.3,sa-east-1,Pre,77
1018,Panama,PA,2025-09,SaaS,177.59,333.65,65.63,67.53,58.34,sa-east-1,Pre,30
1018,Panama,PA,2025-10,IaaS,452.77,4844.25,67.77,32,171.85,sa-east-1,Pre,143
1018,Panama,PA,2025-10,PaaS,430.56,495.6,220.98,36.91,109.06,sa-east-1,Pre,61
1018,Panama,PA,2025-10,SaaS,175.42,235.42,95.18,66.81,56.63,sa-east-1,Pre,50
1019,Panama,PA,2025-01,IaaS,755.48,618.55,289.97,60.05,130.98,sa-east-1,Pre,152
1019,Panama,PA,2025-01,PaaS,291.43,378.32,186.23,45.9,77.95,sa-east-1,Pre,81
1019,Panama,PA,2025-01,SaaS,65.45,498.64,102.99,55.16,37.5,sa-east-1,Pre,53
1019,Panama,PA,2025-02,IaaS,1120.49,4831.31,168.6,34.74,260.75,sa-east-1,Pre,141
1019,Panama,PA,2025-02,PaaS,274.51,582.99,45.47,60.15,69.37,sa-east-1,Pre,43
1019,Panama,PA,2025-02,SaaS,137.78,802.46,120.67,49.38,65.76,sa-east-1,Pre,47
1019,Panama,PA,2025-03,IaaS,577.97,5506.29,120.56,49.7,206.85,sa-east-1,Pre,148
1019,Panama,PA,2025-03,PaaS,282.97,1144.76,60.43,56.88,87.82,sa-east-1,Pre,54
1019,Panama,PA,2025-03,SaaS,53.87,695.34,46,49.42,37.09,sa-east-1,Pre,26
1019,Panama,PA,2025-04,IaaS,1032.7,2422.28,225.45,68.03,199.93,sa-east-1,Pre,145
1019,Panama,PA,2025-04,PaaS,247.69,1176.19,190.18,37.31,92.73,sa-east-1,Pre,85
1019,Panama,PA,2025-04,SaaS,180.5,425.88,129.61,48.99,65.68,sa-east-1,Pre,40
1019,Panama,PA,2025-05,IaaS,691.87,2380.72,212.93,46.5,156.94,sa-east-1,Pre,164
1019,Panama,PA,2025-05,PaaS,271.37,653.66,185.6,49.81,82,sa-east-1,Pre,59
1019,Panama,PA,2025-05,SaaS,57.2,532.94,120.88,42.43,37.54,sa-east-1,Pre,58
1019,Panama,PA,2025-06,IaaS,494.13,656.23,139.97,33.79,86.99,sa-east-1,Pre,103
1019,Panama,PA,2025-06,PaaS,426.96,841.52,105.53,50.18,108.86,sa-east-1,Pre,94
1019,Panama,PA,2025-06,SaaS,179.01,629.93,77.88,33.87,68.32,sa-east-1,Pre,52
1019,Panama,PA,2025-07,IaaS,801.75,1697.05,72.67,61,141.78,sa-east-1,Post,134
1019,Panama,PA,2025-07,PaaS,334.33,872.42,159.47,55.33,97.36,sa-east-1,Post,68
1019,Panama,PA,2025-07,SaaS,157.11,474.04,41.83,72.12,56.01,sa-east-1,Post,41
1019,Panama,PA,2025-08,IaaS,617.95,852.23,127.26,63.16,105.21,sa-east-1,Post,125
1019,Panama,PA,2025-08,PaaS,113.67,684.15,84.87,35.43,46.41,sa-east-1,Post,81
1019,Panama,PA,2025-08,SaaS,100.59,238.74,83.1,58.8,37.29,sa-east-1,Post,43
1019,Panama,PA,2025-09,IaaS,236.91,2388.78,133.95,63.06,95.43,sa-east-1,Post,128
1019,Panama,PA,2025-09,PaaS,100.92,915.26,71.88,60.05,49.54,sa-east-1,Post,103
1019,Panama,PA,2025-09,SaaS,64.9,524.08,64.16,65.98,35.8,sa-east-1,Post,39
1019,Panama,PA,2025-10,IaaS,584.4,3558.98,237.44,73.07,173.35,sa-east-1,Post,178
1019,Panama,PA,2025-10,PaaS,266.14,948.91,172.08,65.76,88.24,sa-east-1,Post,96
1019,Panama,PA,2025-10,SaaS,60.74,625.28,63.54,48.89,37.76,sa-east-1,Post,46
1020,Panama,PA,2025-01,IaaS,617.06,3847.49,175.95,42.51,178.38,sa-east-1,Pre,154
1020,Panama,PA,2025-01,PaaS,437.8,769.29,121.85,37,110.09,sa-east-1,Pre,74
1020,Panama,PA,2025-01,SaaS,161.61,354.03,36.1,54.78,53.19,sa-east-1,Pre,28
1020,Panama,PA,2025-02,IaaS,1149.31,2538.94,233.05,30.68,217.29,sa-east-1,Pre,156
1020,Panama,PA,2025-02,PaaS,354.15,1006.71,97.28,54.67,99.72,sa-east-1,Pre,112
1020,Panama,PA,2025-02,SaaS,163.39,687.18,85.56,59.59,66.6,sa-east-1,Pre,21
1020,Panama,PA,2025-03,IaaS,598.22,3014.76,318.73,39.06,169.81,sa-east-1,Pre,151
1020,Panama,PA,2025-03,PaaS,297.14,399.24,203.64,51.43,80.95,sa-east-1,Pre,84
1020,Panama,PA,2025-03,SaaS,141.14,453.72,69.66,40.02,53.08,sa-east-1,Pre,63
1020,Panama,PA,2025-04,IaaS,437.56,2937.54,247.97,42.89,142.39,sa-east-1,Pre,128
1020,Panama,PA,2025-04,PaaS,334.09,1231.55,170.81,35.62,108.28,sa-east-1,Pre,52
1020,Panama,PA,2025-04,SaaS,163.74,236.5,105.36,54.69,54.35,sa-east-1,Pre,32
1020,Panama,PA,2025-05,IaaS,900.31,3068.78,261.73,41.2,202.17,sa-east-1,Pre,181
1020,Panama,PA,2025-05,PaaS,117.08,296.52,47.22,60.55,33.15,sa-east-1,Pre,82
1020,Panama,PA,2025-05,SaaS,185.87,480.22,106.81,55.2,67.28,sa-east-1,Pre,80
1020,Panama,PA,2025-06,IaaS,466.73,4463.15,247.26,64.2,180.91,sa-east-1,Pre,157
1020,Panama,PA,2025-06,PaaS,290.51,1096.16,40.64,33.83,86.23,sa-east-1,Pre,117
1020,Panama,PA,2025-06,SaaS,133.78,360.64,51.83,48.4,47.37,sa-east-1,Pre,8
1020,Panama,PA,2025-07,IaaS,364.62,2709.12,118.58,69.74,116.74,sa-east-1,Post,176
1020,Panama,PA,2025-07,PaaS,97.93,358.03,107.46,59.18,36.25,sa-east-1,Post,58
1020,Panama,PA,2025-07,SaaS,101.49,416.55,63.78,65.28,41.7,sa-east-1,Post,61
1020,Panama,PA,2025-08,IaaS,1023.11,2832.61,209.2,52.21,206.75,sa-east-1,Post,143
1020,Panama,PA,2025-08,PaaS,172.1,602.09,77.91,66.88,54.07,sa-east-1,Post,72
1020,Panama,PA,2025-08,SaaS,79.4,98.26,34.15,62.55,24.85,sa-east-1,Post,9
1020,Panama,PA,2025-09,IaaS,933.95,4068.13,231.25,57.9,226.45,sa-east-1,Post,132
1020,Panama,PA,2025-09,PaaS,385.56,1138.79,145.56,54.32,112.93,sa-east-1,Post,97
1020,Panama,PA,2025-09,SaaS,164.49,482.67,102.88,64.72,61.77,sa-east-1,Post,49
1020,Panama,PA,2025-10,IaaS,704.36,882.11,112.31,69.37,114.92,sa-east-1,Post,136
1020,Panama,PA,2025-10,PaaS,208.74,1021.19,179.58,54.73,80.53,sa-east-1,Post,65
1020,Panama,PA,2025-10,SaaS,161.97,702.66,103.43,56,67.78,sa-east-1,Post,41
1021,Costa Rica,CR,2025-01,IaaS,773.83,3735.94,155.67,41.46,192.8,us-east-1,Pre,165
1021,Costa Rica,CR,2025-01,PaaS,446.84,684.69,142.68,46.2,111.02,us-east-1,Pre,60
1021,Costa Rica,CR,2025-01,SaaS,89.47,615.92,89.68,73.45,46.23,us-east-1,Pre,33
1021,Costa Rica,CR,2025-02,IaaS,233.15,4067.09,250.43,39.5,144.06,us-east-1,Pre,145
1021,Costa Rica,CR,2025-02,PaaS,218.69,318.3,67.36,42.38,53.67,us-east-1,Pre,77
1021,Costa Rica,CR,2025-02,SaaS,93.41,732.94,18.92,50.19,46.48,us-east-1,Pre,14
1021,Costa Rica,CR,2025-03,IaaS,1245.69,754.7,130.89,50.11,178.62,us-east-1,Pre,118
1021,Costa Rica,CR,2025-03,PaaS,274.04,1179.91,129.59,48.92,92.73,us-east-1,Pre,70
1021,Costa Rica,CR,2025-03,SaaS,143.69,866.97,72.37,27.45,66.27,us-east-1,Pre,5
1021,Costa Rica,CR,2025-04,IaaS,470.21,4093.13,142.01,37.73,163.35,us-east-1,Pre,146
1021,Costa Rica,CR,2025-04,PaaS,96.29,315.21,123.82,55.5,36.06,us-east-1,Pre,59
1021,Costa Rica,CR,2025-04,SaaS,66.72,162.93,73.91,38.44,26,us-east-1,Pre,42
1021,Costa Rica,CR,2025-05,IaaS,994.58,3535.85,135.54,39.74,212.87,us-east-1,Pre,166
1021,Costa Rica,CR,2025-05,PaaS,222.16,342.82,32.32,54.88,52.17,us-east-1,Pre,112
1021,Costa Rica,CR,2025-05,SaaS,71.1,444.91,29.04,34.95,32.86,us-east-1,Pre,65
1021,Costa Rica,CR,2025-06,IaaS,840.78,4087.89,227.13,56.83,215.36,us-east-1,Pre,145
1021,Costa Rica,CR,2025-06,PaaS,164.84,895.38,58.12,27.91,59.39,us-east-1,Pre,60
1021,Costa Rica,CR,2025-06,SaaS,111.82,431.97,91.47,59.79,46.4,us-east-1,Pre,42
1021,Costa Rica,CR,2025-07,IaaS,830.58,1038,163.79,68.69,138.28,us-east-1,Post,165
1021,Costa Rica,CR,2025-07,PaaS,171.1,579.44,98.01,68.8,54.86,us-east-1,Post,97
1021,Costa Rica,CR,2025-07,SaaS,128.74,234.76,68.21,62.68,43.32,us-east-1,Post,16
1021,Costa Rica,CR,2025-08,IaaS,607.58,2602.04,139.31,63.83,145.29,us-east-1,Post,155
1021,Costa Rica,CR,2025-08,PaaS,122.93,678.53,117.88,57.44,50.56,us-east-1,Post,117
1021,Costa Rica,CR,2025-08,SaaS,74.34,659.6,61.06,52.78,42.04,us-east-1,Post,29
1021,Costa Rica,CR,2025-09,IaaS,760.41,1412.15,78.66,65.24,130.81,us-east-1,Post,121
1021,Costa Rica,CR,2025-09,PaaS,427.45,293.53,104.32,62.03,93.51,us-east-1,Post,79
1021,Costa Rica,CR,2025-09,SaaS,102.7,208.97,74.64,64,36.42,us-east-1,Post,18
1021,Costa Rica,CR,2025-10,IaaS,916.01,2522.38,250.3,75.21,190.46,us-east-1,Post,151
1021,Costa Rica,CR,2025-10,PaaS,354.49,519.23,203.7,69.34,94.64,us-east-1,Post,83
1021,Costa Rica,CR,2025-10,SaaS,148.27,266.05,44.84,69.51,47.74,us-east-1,Post,20
1022,Costa Rica,CR,2025-01,IaaS,211.45,4420.25,71.19,42.23,133.45,us-east-1,Pre,151
1022,Costa Rica,CR,2025-01,PaaS,113.62,1080.67,51.87,26.01,54.86,us-east-1,Pre,73
1022,Costa Rica,CR,2025-01,SaaS,84.93,170.86,107.73,45.02,32.82,us-east-1,Pre,31
1022,Costa Rica,CR,2025-02,IaaS,1084.89,5564.36,136.79,53.39,270.48,us-east-1,Pre,130
1022,Costa Rica,CR,2025-02,PaaS,381.17,1285.7,153.32,50.79,116.88,us-east-1,Pre,90
1022,Costa Rica,CR,2025-02,SaaS,125.69,812.06,58.94,41.82,59.32,us-east-1,Pre,17
1022,Costa Rica,CR,2025-03,IaaS,1122.15,2106.83,248.29,32.83,205.46,us-east-1,Pre,155
1022,Costa Rica,CR,2025-03,PaaS,397.9,757.4,145.36,36.74,104.46,us-east-1,Pre,68
1022,Costa Rica,CR,2025-03,SaaS,159.36,569.46,94.56,37.27,62.6,us-east-1,Pre,5
1022,Costa Rica,CR,2025-04,IaaS,1267.69,3182.04,96.02,40.41,233.95,us-east-1,Pre,136
1022,Costa Rica,CR,2025-04,PaaS,321.59,959.4,163.74,37.86,97.85,us-east-1,Pre,100
1022,Costa Rica,CR,2025-04,SaaS,155.77,766.62,29.12,43.49,63.69,us-east-1,Pre,23
1022,Costa Rica,CR,2025-05,IaaS,824.14,1986.68,130.75,51.7,156.36,us-east-1,Pre,164
1022,Costa Rica,CR,2025-05,PaaS,332.39,552.11,204.51,43.94,91.65,us-east-1,Pre,104
1022,Costa Rica,CR,2025-05,SaaS,152.27,599.13,91.53,39.39,61.53,us-east-1,Pre,35
1022,Costa Rica,CR,2025-06,IaaS,1201.98,3736.22,262.05,46.83,253.75,us-east-1,Pre,156
1022,Costa Rica,CR,2025-06,PaaS,132.92,854.42,153.17,25.25,60.1,us-east-1,Pre,113
1022,Costa Rica,CR,2025-06,SaaS,53.01,335.89,55.86,49.47,26.68,us-east-1,Pre,40
1022,Costa Rica,CR,2025-07,IaaS,397.32,4202.81,57.8,34.79,149.55,us-east-1,Pre,148
1022,Costa Rica,CR,2025-07,PaaS,474.63,693.73,67.03,45.76,110.22,us-east-1,Pre,97
1022,Costa Rica,CR,2025-07,SaaS,80.07,769.77,42.74,42.48,45.68,us-east-1,Pre,27
1022,Costa Rica,CR,2025-08,IaaS,717.25,642.93,240.22,38.9,122.48,us-east-1,Pre,153
1022,Costa Rica,CR,2025-08,PaaS,289.3,611.49,79.08,42.41,75.52,us-east-1,Pre,129
1022,Costa Rica,CR,2025-08,SaaS,158.75,554.4,97.97,53.07,62.2,us-east-1,Pre,16
1022,Costa Rica,CR,2025-09,IaaS,197.93,3299.12,89.14,36.29,107.65,us-east-1,Pre,188
1022,Costa Rica,CR,2025-09,PaaS,269.31,991.84,92.1,41.68,83.62,us-east-1,Pre,98
1022,Costa Rica,CR,2025-09,SaaS,113.03,464.55,52.32,35.29,45.33,us-east-1,Pre,5
1022,Costa Rica,CR,2025-10,IaaS,1102.16,689.49,178.62,19.18,164.19,us-east-1,Pre,133
1022,Costa Rica,CR,2025-10,PaaS,249.47,778.47,95.63,32.11,74.35,us-east-1,Pre,73
1022,Costa Rica,CR,2025-10,SaaS,176.47,297.06,45.02,42.66,55.73,us-east-1,Pre,62
1023,Costa Rica,CR,2025-01,IaaS,966.49,4366.44,268.58,32.28,240.58,us-east-1,Pre,150
1023,Costa Rica,CR,2025-01,PaaS,463.34,700.13,119.86,58.39,112.59,us-east-1,Pre,44
1023,Costa Rica,CR,2025-01,SaaS,118.51,282.8,106.67,34.05,44.51,us-east-1,Pre,40
1023,Costa Rica,CR,2025-02,IaaS,1087.13,4283.75,121.33,38.07,239.9,us-east-1,Pre,132
1023,Costa Rica,CR,2025-02,PaaS,122.95,270.98,122.52,44.73,39.52,us-east-1,Pre,116
1023,Costa Rica,CR,2025-02,SaaS,142.09,703.22,98,40.47,62.5,us-east-1,Pre,43
1023,Costa Rica,CR,2025-03,IaaS,577.67,2803.49,214.43,38.33,153.1,us-east-1,Pre,145
1023,Costa Rica,CR,2025-03,PaaS,378.91,1151.15,216.46,36.9,117.75,us-east-1,Pre,82
1023,Costa Rica,CR,2025-03,SaaS,162.39,640.36,46.27,29.25,62.58,us-east-1,Pre,64
1023,Costa Rica,CR,2025-04,IaaS,1050.33,1803.07,329.97,77.09,197.21,us-east-1,Pre,133
1023,Costa Rica,CR,2025-04,PaaS,219.24,1007.8,132.41,39.47,78.27,us-east-1,Pre,106
1023,Costa Rica,CR,2025-04,SaaS,67.78,232.45,75.45,49.08,28.44,us-east-1,Pre,58
1023,Costa Rica,CR,2025-05,IaaS,1004.7,3167.09,274.5,40.58,218.11,us-east-1,Pre,168
1023,Costa Rica,CR,2025-05,PaaS,493.83,963.37,116.63,47.38,125.19,us-east-1,Pre,75
1023,Costa Rica,CR,2025-05,SaaS,127.56,560.5,76.41,37.1,53.29,us-east-1,Pre,53
1023,Costa Rica,CR,2025-06,IaaS,972.41,5018.27,350.84,33.03,263.69,us-east-1,Pre,110
1023,Costa Rica,CR,2025-06,PaaS,255.53,462.45,37.71,29.37,61.96,us-east-1,Pre,94
1023,Costa Rica,CR,2025-06,SaaS,128.42,410.28,65.94,48.33,48.37,us-east-1,Pre,42
1023,Costa Rica,CR,2025-07,IaaS,625.19,3452.13,300.34,36.57,181.45,us-east-1,Pre,166
1023,Costa Rica,CR,2025-07,PaaS,455.84,355.67,142.64,45.93,103.42,us-east-1,Pre,41
1023,Costa Rica,CR,2025-07,SaaS,63.58,626.04,93.15,44.41,40.26,us-east-1,Pre,37
1023,Costa Rica,CR,2025-08,IaaS,969.57,3289.49,331.04,47.16,221.8,us-east-1,Pre,153
1023,Costa Rica,CR,2025-08,PaaS,351.02,483.94,29.05,57.27,79.06,us-east-1,Pre,87
1023,Costa Rica,CR,2025-08,SaaS,136.11,254.24,74.35,48.49,46.12,us-east-1,Pre,22
1023,Costa Rica,CR,2025-09,IaaS,211.66,539.91,180.83,22.65,54.09,us-east-1,Pre,168
1023,Costa Rica,CR,2025-09,PaaS,159.47,704.82,82.21,53.38,55.02,us-east-1,Pre,74
1023,Costa Rica,CR,2025-09,SaaS,76.32,525.18,67,50.58,38.85,us-east-1,Pre,20
1023,Costa Rica,CR,2025-10,IaaS,1247.76,4975.62,63.91,41.97,269.92,us-east-1,Pre,159
1023,Costa Rica,CR,2025-10,PaaS,192.8,670.45,133.35,29.04,64.14,us-east-1,Pre,63
1023,Costa Rica,CR,2025-10,SaaS,108.99,725.89,89.61,38.68,54.4,us-east-1,Pre,50
